c2,c0,729,129,229,ff9a,type
0,0,0,0,0,0,ransom
49681493,482448420,254270841,191086890,44151171,1603688,ransom
67238746,686465559,366050222,276886225,60848701,1494914,ransom
78788819,797147953,424083405,320481047,71005950,2141400,ransom
75413855,732808854,387844407,291263683,67797278,2214164,ransom
74484009,731308501,387349655,291625565,66570659,2148744,ransom
78893613,793195498,422108589,318663242,71254582,2695070,ransom
68907291,682554745,362000521,273152549,61475969,2308836,ransom
68521891,685685125,364807028,275239853,61922152,2122408,ransom
76093955,766604195,408898885,308746155,68895274,2216245,ransom
66239322,674075444,359437919,271821962,59869436,1767444,ransom
66194341,675148865,359790029,272106055,59885182,2278461,ransom
79598609,813153619,433388530,327856360,71994773,2111942,ransom
69742516,710611788,378856647,286457139,63136267,2109298,ransom
90405955,923570126,491824838,372065838,81703601,2212829,ransom
90252077,921885511,490624967,371142098,81523286,2138868,ransom
92012937,939565170,499910679,378067958,83228049,2308504,ransom
84234001,852353696,452428497,342196411,75393549,2509744,ransom
89945077,910848550,482631191,364738715,80811639,2102016,ransom
94197492,962118180,511934269,387256940,85076344,2157485,ransom
99284800,1014224039,539591651,408197583,89649811,2194063,ransom
100678558,1028360150,547174626,413931483,90915881,2026757,ransom
99441076,1015762978,540470227,408854767,89802678,2051562,ransom
98394943,1004998588,534720926,404502351,88853207,2092420,ransom
97666413,997730803,530799327,401548847,88189743,2224297,ransom
101535635,1036920674,551632249,417306524,91655068,2094577,ransom
100000510,1019678816,542264914,410186112,90151292,2297243,ransom
100021141,1008877997,536182767,404996392,90088105,2147532,ransom
96143076,978471029,520762106,393678768,86936484,2142593,ransom
90142597,917794186,488367693,369197589,81513241,2235863,ransom
82781749,843507319,449329294,339759330,74869896,1824653,ransom
88035614,895302222,515113007,374839823,82861027,2339323,ransom
88386565,901998502,480192757,363172867,79898705,1921767,ransom
76742524,779690377,415912466,314303135,69583714,1832796,ransom
86555787,880447105,468846914,354404198,78318008,2271714,ransom
94798036,966926106,514837002,389341967,85713733,1851573,ransom
74108241,753704911,401429052,303182474,67178834,2122381,ransom
89783175,915931971,487401001,368616518,81119045,2172392,ransom
94390094,960515448,511211260,386455089,85353005,2352273,ransom
98047607,995113173,529525565,400191546,88626900,2239186,ransom
90134354,904046144,479550752,361678694,81369439,2430783,ransom
89428788,902310759,480356656,362704136,80923622,2407271,ransom
90563998,908811821,482714938,364237292,81651561,2481190,ransom
94460137,956252446,508979942,384341507,85620868,2041994,ransom
83745432,851089963,453198074,342421167,75930731,2194678,ransom
73779258,753415050,401688193,303849441,66763734,1542189,ransom
76027075,773513032,411971997,311519871,68670280,2190135,ransom
95838252,970731607,478889784,389962742,85629252,2227042,ransom
105872866,1012715734,538863643,418880177,89546305,2117479,ransom
99507867,1016523513,540834193,409132130,89857736,2024789,ransom
97248602,993535071,528511383,399823051,87796806,1998998,ransom
102342909,1045073147,556037120,420618061,92406131,1751430,ransom
99371803,1015015437,540109873,408578917,89747213,2047475,ransom
101165229,1033386263,549839675,415939646,91365352,1990720,ransom
101579125,1038710237,552236041,417582649,91756525,1798331,ransom
89148204,903598838,480648211,363378876,80256434,2140621,ransom
88892968,904008703,480950107,363791226,80046527,2190021,ransom
75622297,772355895,411478079,311260526,68380362,1748319,ransom
89034510,909471302,484258346,366323677,80467622,2089926,ransom
91511066,934136144,497087073,375976618,82694289,2230260,ransom
101519072,1037081478,516124237,417380976,91674529,3879698,ransom
103161952,986555959,524820942,396996672,87229022,2158408,ransom
99566646,1017114101,541185758,409400843,89917727,2006060,ransom
97106552,991972018,527745826,399237593,87680963,2038168,ransom
98581137,1006911129,535788326,405308029,89031892,1910664,ransom
100528534,1026868151,546439812,413375247,90788830,2039022,ransom
97388366,994164041,529092212,400200014,87994810,2026803,ransom
99450045,1015858247,540489475,408874018,89799469,2097886,ransom
98541573,1005859671,535162178,404784201,88993076,1945117,ransom
96854427,989352579,526343950,398165218,87462507,2060772,ransom
101060714,1032332140,549307562,415541698,91272760,2025743,ransom
99760622,1018988680,542091391,410070531,90080529,1975756,ransom
99467274,1017251349,540738876,408905750,89830520,2238899,ransom
104501136,1067581130,567945245,429638220,94356463,2047244,ransom
97395023,995043518,529277967,400398342,87928953,2175307,ransom
101175241,1033456429,549916825,415989597,91381017,2047476,ransom
99558611,1016998644,541105847,409336932,89909641,2058550,ransom
104256182,1065113981,566668510,428676698,94144813,1793146,ransom
95562206,975987738,519368875,392874799,86316074,2009572,ransom
99939916,1020895316,543162816,410895217,90247234,2010375,ransom
104382000,1066291602,567282464,429142280,94247365,1811382,ransom
97662406,995666183,529523311,400539364,88041720,2113588,ransom
102616284,1048301852,557721400,421914028,92660955,2003907,ransom
98502640,1006107840,603843018,429845096,88964843,1993903,ransom
101526872,1037036627,551735308,417359133,91692259,2049946,ransom
99406478,1015450345,540302555,408722253,89779586,2036451,ransom
97482433,995693231,529731979,400719099,88031151,1894008,ransom
99040334,999061807,530928470,401055061,89171415,2030988,ransom
96478266,985268212,524206648,396513966,87151548,2060756,ransom
102960094,1051656306,559559979,423275026,92996848,1919000,ransom
101902133,1042075334,554052423,418960181,92054550,1833822,ransom
100229361,1023868125,544774058,412110541,90513782,1972682,ransom
102138698,1043289240,555181961,419976377,92253337,1874378,ransom
98858143,1009835716,537303228,406458518,89277915,1968472,ransom
101421461,1035963914,551187617,416952412,91592990,1901946,ransom
104798434,1070412256,569724453,430981393,94668875,1757676,ransom
81745972,835044111,444772206,336459539,73897392,1747621,ransom
87468590,893492872,475389862,359622514,78994013,2099199,ransom
85564077,874111732,465588556,352210379,77345724,1415780,ransom
85827151,875949664,466365815,352746815,77568681,2120292,ransom
94783868,968262366,515090242,389655466,85582286,2006237,ransom
86802333,884855852,471694218,356742441,78515200,1771034,ransom
75609958,771037543,411036858,310922538,68363126,1694077,ransom
79663106,812271552,432719362,327275515,71991691,1809962,ransom
94595230,958093290,509202130,384858212,85099127,1591853,ransom
73367720,734387270,389272903,293934104,65496836,1977012,ransom
79426519,806385797,429316516,324619695,71603668,1962929,ransom
89799252,913603090,486239656,367741981,80976310,2006998,ransom
69627358,707753370,376430851,314569007,62731543,1659250,ransom
101691296,1038847919,552671218,418087705,91826355,2029464,ransom
100715684,1028729350,547413251,414097149,90970193,1918945,ransom
101722805,1039052937,552809202,418185698,91856801,1886097,ransom
98812352,1009303727,537041788,406252573,89241673,1967022,ransom
99293536,1014266945,539669859,408244835,89675180,2033160,ransom
100273762,1024413272,544974494,412267901,90543952,2068416,ransom
99016738,1011455865,538140766,407089495,89423216,1985583,ransom
99649947,1016383445,540539117,408900126,89859615,1900979,ransom
99743447,1015241414,539619396,408045258,89895563,1997961,ransom
90425847,917444938,487541950,368526769,81410253,1645126,ransom
88140133,891160948,473605739,357999328,79123694,1919340,ransom
84513727,862167272,459146161,347307959,76342136,2033870,ransom
81107697,883691148,470560406,355957228,78202649,1824772,ransom
89634716,911441575,484884410,366599675,85787302,2240343,ransom
101758662,1039598342,553058884,418391334,91880954,2096213,ransom
99998243,1021556988,543574870,411220261,90304686,2071370,ransom
99112179,1012424055,538769064,407577060,89515442,2119782,ransom
98241759,1002639736,533535425,403508627,88736510,2055570,ransom
103569562,1059435763,563284353,426007496,93570699,2027926,ransom
99060921,1011798453,538423378,435132457,89470222,1891128,ransom
107806940,1101349226,586004723,443309190,90665521,1900587,ransom
106773779,1090696357,540150141,408617929,89744919,1909117,ransom
100741768,1027209275,546309244,413246806,90823895,1934666,ransom
98418337,1005302343,535012744,404720503,88897424,1884159,ransom
94140151,1028508805,511583179,388572553,90898924,1842399,ransom
96803136,1055628360,559590880,397998318,87420347,1870873,ransom
102109408,1043159411,554867310,419751536,92181262,1889652,ransom
103238221,1054532355,561112789,424464505,93239512,1848845,ransom
103487746,1057188394,562513712,425536042,93453331,1965930,ransom
101838570,1040358068,553590325,418783416,91974548,1830681,ransom
102363755,1045594395,556266669,420795883,92431251,1876360,ransom
100210325,1023601566,544545963,411930414,90484215,2009747,ransom
97012328,990923596,527228085,398831163,87612715,1874282,ransom
98174449,1002940806,533541499,403619883,88646195,2155952,ransom
100911069,1030663518,548382632,414821920,91139909,1960736,ransom
102769572,1049683633,558481902,422460884,92812768,1740765,ransom
103409493,1057370471,562103721,425041469,93402669,1736118,ransom
93611651,956188190,508835385,384926388,84548111,2104426,ransom
97266575,978469934,519296276,392065376,87460435,2098502,ransom
98613009,1007177888,535918729,405396665,89071403,1981474,ransom
102377976,1045778806,556376834,420876717,97838501,2096493,ransom
101623688,1038110259,552316762,417818623,91764430,1919160,ransom
101286391,1034684291,550510971,416454889,91464154,1938592,ransom
97808571,999104427,531535178,402099311,88313167,2021916,ransom
99857174,1019995283,542799374,410615133,90194785,2016527,ransom
91511282,934767687,497783954,376563597,82703135,1610332,ransom
90400211,923480647,491363686,371712004,81637965,2063247,ransom
97407958,994681891,529223416,400334760,87957410,1977001,ransom
100731900,1028991611,547515096,414186097,90967700,1937695,ransom
103264435,1054838940,561251201,424576608,93252211,1776493,ransom
103511832,1057333287,562588308,425585363,93477132,1849581,ransom
104622880,1068809460,568667837,403239486,94481174,1915829,ransom
87091379,956560998,508078058,358417350,84420000,1977391,ransom
97607251,997086874,530449071,401272607,88138745,2010951,ransom
98231557,1004561674,534034059,381786471,88724118,1998629,ransom
105003306,1127554791,635510744,431750969,94815251,1896318,ransom
97070859,991657794,527728068,399223983,87674029,1910191,ransom
85572907,874070059,465714979,352299661,77383980,1395032,ransom
35189979,359255552,191959380,145196780,31906986,993829,ransom
49218607,502755756,268397020,203041786,44583775,1048563,ransom
52543633,536679917,286393767,216656121,47579271,1240255,ransom
64042191,654231803,349304808,264249820,58017892,1042787,ransom
50283659,513638712,274520189,207672861,45595380,863409,ransom
50937823,520221286,277405103,209848138,46090395,1148059,ransom
45937585,469173561,250495576,189487907,41618844,875393,ransom
32563859,332627150,177612662,134358959,29503685,838895,ransom
64631940,660257115,352108546,266365703,58488111,1099914,ransom
50208074,511255361,272862768,206391407,45381101,1009793,ransom
78872740,805672548,428999948,324530360,71271945,1564760,ransom
97295757,993911956,528875490,400097288,87860988,1924889,ransom
81173695,829125592,441741054,334166497,73389162,1441000,ransom
52008905,531255885,283346488,214349517,47064210,909298,ransom
56587816,578897490,308543684,233225702,51267851,888437,ransom
63426473,647790136,345588535,261426758,57420918,972906,ransom
65903081,673229926,358744602,271388860,59589032,1146607,ransom
42523679,434201143,231743623,175294636,38510130,1052435,ransom
60095197,613964637,327184096,247521296,54337706,736199,ransom
48173921,491360465,262496486,198494012,43717205,1226146,ransom
56322095,575259751,306986353,232224344,50999350,852939,ransom
21411653,218612461,116945925,88469216,19432325,399146,ransom
55680409,568857082,302900137,229144528,50310845,1311152,ransom
87265179,891396288,474429497,358904025,78820504,1764556,ransom
89337686,912662866,485816500,367525064,80696984,1660079,ransom
47431790,484063158,258185835,195294407,42913201,912249,ransom
20618707,210557580,112483983,85090523,18686054,601583,ransom
43990165,449314984,239949503,181515357,39859405,748808,ransom
46358952,473544283,252594073,191080709,41959931,750823,ransom
50802670,518873687,276834956,209415022,45994662,869776,ransom
41321658,422021743,225622862,170671178,37483098,774919,ransom
63100805,644663777,344321310,260483489,57184537,1099667,ransom
28735618,293729886,156662762,118251770,26145809,674633,ransom
40776340,416534090,222673059,168449082,36983752,840286,ransom
58195182,594446082,317002885,239810482,52657813,876828,ransom
54599668,557528369,297420594,224978275,49427631,1179138,ransom
96612728,986965240,525124181,397246791,87242725,1538315,ransom
91858596,938308949,499655905,377987312,83010729,1921772,ransom
94219718,962447572,512310471,387557359,85118696,1881334,ransom
51668895,527662923,281674614,213072404,46802076,990585,ransom
63291780,633455131,337131878,254429493,56983462,1029632,ransom
52922817,535391105,285676974,215929565,47787515,1093179,ransom
29633458,297716865,159210437,120262267,26762068,562788,ransom
22818730,232970802,124713314,94332168,20725954,392577,ransom
14465754,147607227,79000808,59749954,16896971,433847,ransom
39089078,399326265,213370359,161411531,35436342,793708,ransom
62669020,640228347,341301821,258201784,56692980,1481469,ransom
44590480,455478943,243476882,184191923,40441342,688106,ransom
41106661,419878345,224299221,169674649,37260077,837465,ransom
54491383,556574595,297163827,224797347,49361026,631640,ransom
49347950,505168808,268774625,203161370,44643743,1315702,ransom
98436180,1005552902,534953678,404683706,88881845,1784586,ransom
99704866,1018267949,541976487,409986559,90066605,1872830,ransom
100898866,1030737133,548391910,414847185,91115401,1841673,ransom
101323860,1034960639,550693737,416580107,91510290,1935662,ransom
94400273,964254573,513530667,388470465,85324948,1357673,ransom
43105978,440252105,234891994,177687334,39023938,935574,ransom
44562615,455118428,242760041,183639149,40329404,598690,ransom
48802762,498520154,266427487,201549007,44248765,968482,ransom
70786129,723117271,385734973,291807896,64067308,989933,ransom
36682788,374645642,200254681,151483050,33267705,486988,ransom
32998044,336969310,180169019,136286639,29933903,787596,ransom
45273721,462429035,247115371,186942859,41047230,533982,ransom
28896237,295054026,157792643,119356013,26218628,488623,ransom
25013065,255442442,136680509,103395038,22703482,409457,ransom
51904494,530171915,282672845,213834287,46956577,930153,ransom
73858214,754521715,401690712,303876612,66725963,1486301,ransom
97743359,998537619,531237435,401887826,88249590,1792183,ransom
89069822,910952432,484918879,366681456,80543086,2009361,ransom
88182948,899314301,478401556,361907794,79514516,2105331,ransom
101864359,1040448490,553538241,418745792,91967969,1826325,ransom
47765990,487775759,260132536,196779673,43230278,883521,ransom
49664033,507352180,270746651,204816662,44974023,969960,ransom
51977549,530858831,283257568,214272745,47058117,735426,ransom
30727780,313611121,167451068,126655321,27838806,735655,ransom
34766502,355104946,189965945,143703639,31550828,554586,ransom
21318837,217716497,116314681,87988880,19319990,480022,ransom
25512698,260589349,139367222,105425440,23148526,377007,ransom
29393478,300194818,160573819,121473027,25608494,458014,ransom
17611726,179084627,89622459,67704874,15012828,543164,ransom
14492097,147884091,79175681,59878146,13168027,442879,ransom
23759278,242661201,129661732,98093059,21542567,341544,ransom
68863620,703374265,374917226,283613317,62291086,1453390,ransom
98915809,1010391329,537621965,406703847,89329790,1994709,ransom
107114019,1094182052,582151204,440393658,96720776,1831606,ransom
106497485,1087892601,578833462,437881966,96165623,1709350,ransom
103203256,1055305678,561094599,424292400,93221552,1745037,ransom
101568781,1037632952,552096062,417661259,91719685,1945178,ransom
95726349,977726834,520201716,393513923,86445554,1965950,ransom
73367514,749264130,399077575,301888274,66308779,937473,ransom
17834705,182049146,97482842,73734360,16199765,376588,ransom
18721565,191189165,102277659,77368680,16989452,355861,ransom
26623616,271848524,145291481,109903234,24140484,411656,ransom
23785720,242938171,129988490,98334660,21588794,428024,ransom
22777737,232655321,124393656,94103365,20657753,427923,ransom
45062007,460193965,245684930,185848545,40816410,642085,ransom
16061143,163974114,87703385,66340435,14573055,372723,ransom
25470824,260139484,138961914,105121045,23082402,377474,ransom
46339786,473143999,252389573,190913705,41942858,865875,ransom
29199415,298263527,159408248,120591621,26473040,663662,ransom
53124383,529990249,282630252,213217941,47900260,818414,ransom
13391001,136569699,73098142,55276382,12167141,453646,ransom
9578327,96029561,51260299,38664609,8663429,103275,ransom
1085358,4780975,1847797,1059806,767752,151302,ransom
20761422,205570396,108769030,81733220,18603744,376665,ransom
57468029,585156404,312297201,236195636,51976283,1011894,ransom
35834926,365127182,195086492,147462476,32542047,682310,ransom
32135959,324854328,173390929,131043239,29008882,889353,ransom
55041585,562237732,299830646,226815422,49804743,854257,ransom
35654949,364218845,194522280,147156587,32307356,643000,ransom
45578355,465535442,248625497,188077130,41299344,967003,ransom
34811924,355535826,190095536,143803765,31576313,898709,ransom
57896282,591448899,315367054,238574208,52377459,838392,ransom
31344466,320092383,171293038,129575933,28454112,671370,ransom
45072590,460419128,246029790,186121026,40861919,865165,ransom
58360367,596068261,318126796,240654549,52854466,1116795,ransom
53419079,545615016,291219283,220298547,48377820,1000180,ransom
35499528,362575938,193954730,146719747,32215799,484587,ransom
35157313,359057311,191749387,145053511,31852175,822325,ransom
50408807,514909391,274596317,207727612,45610067,835632,ransom
25899865,264515484,141106342,106742013,23439227,576466,ransom
31625010,323006956,172521772,130508509,28654459,518408,ransom
54783156,560728162,298925864,225975415,49638011,968941,ransom
33311072,340070476,181597389,137358275,30183703,660667,ransom
48499863,495386239,264067610,199762042,43865011,857405,ransom
49748740,508168802,271434480,205337896,45081629,764535,ransom
25970137,265208628,141879895,107332228,23571490,590531,ransom
50328159,514111441,274274410,207486591,45554967,1232735,ransom
82182374,839642144,447137706,338268774,74263905,1551432,ransom
57467468,585419027,289792478,236400709,51965997,1185499,ransom
57472906,544554635,290565000,248679145,50893035,855135,ransom
27818696,284132689,151885814,114899740,25228304,767632,ransom
54523462,556959535,297224733,224849256,49369377,1047103,ransom
38678043,395081985,211170759,159746598,35074482,614818,ransom
38097267,388920217,207870077,157232778,34548567,708520,ransom
19965896,203883075,109049557,82491272,18114559,468292,ransom
31374843,320445167,171334908,129611953,28461377,387083,ransom
21175030,216200711,115625582,87462631,19210919,433572,ransom
19535131,199464436,106678118,80693592,17725939,435693,ransom
26646772,271453037,145388222,109906624,24256977,681039,ransom
55479668,567845697,302726188,228851836,50272225,907203,ransom
33738873,344424389,183987393,139170860,30576383,800275,ransom
47666774,486834072,259919737,196616852,43178944,572976,ransom
30580455,312321577,166612535,126036533,27677862,634768,ransom
24512466,250307347,133821428,101228570,22231256,518764,ransom
49928205,509912149,271779758,205591730,45156355,997945,ransom
32899376,336022574,179405330,135718057,29799479,511271,ransom
22033702,224980589,120270342,90974780,19983296,415333,ransom
44632436,455698097,243414260,184125664,40449569,734254,ransom
49153695,502070877,268250354,202924923,44558949,804305,ransom
29419876,300420617,160694375,121561597,26695184,657057,ransom
44036124,449821075,239925428,181503599,39850997,688164,ransom
32549775,332422160,177849752,134535942,29544873,445877,ransom
24829847,253554246,135479826,102488549,22508083,542574,ransom
50231141,513128887,273869978,207183920,45486470,913333,ransom
63690447,650307179,347007101,262493851,57655919,1301768,ransom
28616895,292244292,156152781,118129213,25943849,621082,ransom
43784514,447223512,238580888,180480300,39628787,548572,ransom
24998978,256371676,136759116,103290062,22713074,668479,ransom
36009476,367800887,196283861,148482479,32603926,840988,ransom
55804823,557391882,297139321,224153866,50381383,920080,ransom
21260265,216969427,115968540,87706856,19289002,499512,ransom
26337111,268795672,143703829,108680231,23907427,507129,ransom
29482636,301104005,160942471,121747780,26735001,420041,ransom
25463066,259966530,139093087,105211966,23115205,871990,ransom
62965567,643274369,343424430,259801309,57033364,1033044,ransom
35922164,366874738,195602889,147964102,32501852,647714,ransom
18525514,189152294,101191387,76548937,16814526,411958,ransom
13281112,135584268,72603718,54919390,12061462,304985,ransom
18781196,191820634,102658992,77658850,17048436,451686,ransom
45679987,466651610,249538479,188771058,41442174,628233,ransom
37609040,384115715,205400259,155381139,34121805,714712,ransom
24527975,250525706,133903050,101294839,22239285,389126,ransom
44071581,450179209,240339122,181814242,39920402,1194489,ransom
52825548,539599972,288098535,217943511,47852037,818542,ransom
25702696,262496036,140367347,106182068,23315894,389226,ransom
19123056,196344520,104405980,78813311,17339995,626463,ransom
32704429,334073389,178608905,135113690,29661900,552693,ransom
21024137,214724484,114949867,86956370,19090685,380380,ransom
31294933,319655576,171093549,129430067,28415859,443703,ransom
13194258,134627552,71853628,54345765,11946697,358484,ransom
19928836,203496541,108807632,82308545,18079538,619871,ransom
26931427,275095766,146967169,111176519,24409502,351978,ransom
29369216,299931037,160338145,121288576,26635447,541411,ransom
27238525,278170952,148890547,112626172,24734094,376859,ransom
19314031,197199002,105278016,79635170,19396422,630662,ransom
36257755,370320794,197912585,149710789,32879885,614909,ransom
22202614,226778205,121446583,91871633,20167864,557963,ransom
17624364,179963557,96372889,72901968,16007735,356739,ransom
34032265,345998619,184998430,139923200,30783187,460616,ransom
17430081,177975146,95282791,72076896,15826484,380888,ransom
14826244,151341044,80948600,61232215,13452357,359246,ransom
37356353,381548348,203922528,154262731,33875161,539863,ransom
21280071,217273318,116060716,87791622,19283793,521939,ransom
12498101,128472092,68286425,51472130,11362326,450113,ransom
25860967,264182707,141244383,106851298,23453935,307230,ransom
32034715,327151246,174958824,132347858,29064707,692894,ransom
31263558,319303363,170833863,129233719,28376432,480971,ransom
24430036,249476250,133575920,101042713,22188577,417828,ransom
23091040,235087503,126009611,95242837,21039615,451170,ransom
20338462,207644654,111126954,84057615,18465713,361208,ransom
15798476,161267393,86341359,65309556,14345495,461496,ransom
27130612,277071717,148350187,112219918,24641744,382333,ransom
24226327,247339009,132225848,100024829,21975963,530356,ransom
16664161,170191897,91102979,68916561,15129268,391734,ransom
25205898,256871488,137267147,103807818,22842049,261458,ransom
21603201,220593312,117733106,89054167,19564578,599094,ransom
25899716,264570202,141227931,106839118,23457309,480755,ransom
34077435,348085772,185877791,140612611,30871894,616153,ransom
29791697,304274817,162557938,122968719,27002195,681608,ransom
45770784,467561526,249940385,203037496,44577512,643074,ransom
42368233,432713947,231152281,174855185,38401155,807015,ransom
13397052,137842421,73194184,55202335,12154804,364006,ransom
22956121,234448141,125484390,94924564,20842378,490647,ransom
31017774,316747903,169292932,128063053,28126223,794903,ransom
58267392,595125279,317451264,240138960,52744601,908097,ransom
25432024,259701036,138975860,105125377,23088567,591763,ransom
23793231,242989273,129578241,98019645,21528812,802807,ransom
89260094,911829664,485056234,366938937,80583979,1476938,ransom
100956654,1031258680,548687249,415072239,91168027,1843904,ransom
98235913,990704459,526568952,397744176,88463321,1983848,ransom
103697891,1059126401,563516040,426264010,93658584,1831964,ransom
103229436,1054283910,561026214,424379166,93256571,1768491,ransom
102562698,1047657037,557468415,421713117,92634135,1779575,ransom
99573284,1017068332,541253235,409440375,89943286,1979870,ransom
104493377,1067472267,567950785,429650777,94360483,1874326,ransom
100205739,1023557601,544646154,412009620,90507112,2005842,ransom
102197011,1039513147,553249875,418127694,92508854,1775790,ransom
97996727,1001018534,532808391,403053944,88532271,1710738,ransom
101759107,1035617279,550529746,416376870,91612576,1718204,ransom
107815934,1099184688,584081071,441628414,97135641,1740974,ransom
97567484,996553778,530283471,401134609,88128596,1938136,ransom
104269098,1065133027,596145052,428708240,94162151,1866363,ransom
100208870,1016633698,539938871,408333177,89919321,1871842,ransom
100454602,1026096775,545989010,413024414,90723233,1814284,ransom
99156844,1012885890,538937635,407691219,89552535,1682914,ransom
99811839,1019617497,542488262,410378334,90139667,2000103,ransom
106560965,1088597315,579118388,438081336,96229674,1716670,ransom
100352334,1025049592,545457700,412625356,90634112,1966289,ransom
104435123,1066821008,567617169,429384623,94313968,1777028,ransom
101662361,1038545987,552471649,417926806,91794858,1855306,ransom
99026085,1011563325,538230170,407157708,89435972,1947003,ransom
101925066,1041225707,553917402,419026182,92033247,1923222,ransom
103105352,1053203315,560356755,423894652,93110474,1829559,ransom
101077457,1032501305,549340224,415565194,91277195,1964524,ransom
100965354,1031259956,548697598,415065555,91183270,1849365,ransom
105337526,1075827672,572436242,433011203,95136077,1724730,ransom
102203631,1043954765,555410146,420144707,92293777,1811137,ransom
101242433,1035303124,550410206,416208545,91450197,1975175,ransom
101124258,1031322539,548579701,414961119,91213932,1853649,ransom
101375129,1035453518,551010644,416819615,91563712,1904561,ransom
105114527,1073733178,571371973,432226274,94938758,1891017,ransom
100518100,1026778348,546314878,413270539,90776964,1889225,ransom
104366010,1066116306,567330858,454423556,94260755,1788613,ransom
98174387,1001038037,532313768,402592869,88579927,2049361,ransom
97261285,986497801,523848488,395955972,87494722,1900180,ransom
90377627,920433476,490000151,370550089,81579379,1472863,ransom
65818906,668118315,355798130,268943177,59415506,1534384,ransom
99420143,1014513533,539606495,408155689,89728099,1678768,ransom
97046274,987104333,525107315,397020352,87585286,1870855,ransom
93108424,950351284,474035925,382741778,78869338,1669128,ransom
88791238,1036159771,483115948,389696449,80264848,1739962,ransom
92825145,948189704,504720673,381804711,83864542,1867820,ransom
93406807,954109837,507665326,384036598,84362201,3811943,ransom
105206132,1074755386,571770434,432532292,94999068,1858227,ransom
102915944,1051244922,559274234,423076314,92932173,1853467,ransom
98755978,1009910796,536932717,406022250,89205550,1924372,ransom
96320694,983897230,523440009,395964071,86980100,1975337,ransom
101423119,1036122621,551291510,417042637,91597524,1887900,ransom
98576140,1007074803,536463905,405833106,89113441,1335963,ransom
63999850,653727483,348203426,263407866,57847626,1611529,ransom
83946168,857523534,457082026,345780390,75934087,1766427,ransom
85910908,877562715,467196465,353425221,77625024,1921756,ransom
89950167,918830600,489502850,370297979,81323840,1571309,ransom
94729164,967760878,515342777,389858855,85611289,1902940,ransom
83300843,850874705,453321512,342920277,75320876,1866169,ransom
77616242,792839592,422423279,319561975,70181078,1775650,ransom
97214714,992939401,528483938,399777681,87821873,1712214,ransom
98818736,1009463077,537130857,406332251,89246321,1891355,ransom
99778028,1019167322,542249399,410191337,90109563,1894993,ransom
95163132,958554944,509529585,384822672,85677690,1992295,ransom
92439015,944300753,502716843,380291464,83531521,1877108,ransom
33250535,339360441,181479793,137249078,30189978,660813,ransom
18328457,187178016,100151663,75762909,16632617,345952,ransom
35278468,361093656,192342196,145334874,31958293,1121192,ransom
69427262,709285088,378274914,286163972,62829747,1104102,ransom
22799826,232743057,124377052,94075688,20673231,469076,ransom
26975210,275506505,147195424,111346087,24452994,492665,ransom
39355781,401943129,214519391,162277150,35635519,602422,ransom
24174993,246820104,131905518,99778879,21918439,588671,ransom
25018710,255520546,136774763,103464147,22718111,472524,ransom
35859187,366260380,195665468,148021121,32503348,530034,ransom
26478671,270465734,144447305,109277195,23989606,449384,ransom
17861013,182357394,97484089,73741759,16195958,358075,ransom
40109917,409701928,218618113,165378239,36314036,1151216,ransom
100651960,1028228368,547023096,413822440,90878511,1715890,ransom
98895949,1010175953,537524645,406633371,89309316,1882017,ransom
103375181,1055978666,561921569,425089013,93359927,1936035,ransom
99108764,1012459270,538619768,407464649,89487664,1969110,ransom
104719229,1069717292,569161130,430554534,94574433,1953254,ransom
94799682,968372238,515337667,389847306,85619387,1928689,ransom
101031545,1031961756,549280580,415515290,91267990,1826431,ransom
36011044,368876888,196421701,148423698,32623936,694421,ransom
16305842,166065395,88844026,67182175,14792254,460621,ransom
25435087,259842724,138758204,104972063,23039990,494847,ransom
23057877,235478700,125713675,95097703,20885083,364842,ransom
27848628,284445487,152087159,115051276,25257672,584721,ransom
36192161,369712162,197565345,149456746,32809855,598666,ransom
37215591,380059139,202858146,153450508,33703117,548462,ransom
21224422,215096064,114888555,86881698,19145005,417667,ransom
17088333,174495548,93289362,70569606,15495041,459141,ransom
24379827,248979399,132844389,100490778,22068253,535017,ransom
32025698,327156722,174774194,132216524,29025965,394425,ransom
70183460,716920206,381861648,288871793,63436050,1771809,ransom
95926022,979596578,521281562,394324584,86643801,1989519,ransom
104641686,1068880967,568658977,430176821,88572596,1879671,ransom
106617733,1089171323,543782484,411362655,90350832,2065965,ransom
108068715,1103967529,587271993,444255794,97575297,1672084,ransom
103367386,1055893177,561809953,424992810,93352777,1935486,ransom
98749780,1008041284,536345733,405680795,89208508,1975599,ransom
100939546,1031243789,548611550,415018038,91148455,1973586,ransom
99289791,1015339997,540124201,408424022,89742328,1522287,ransom
22919449,233915614,124757645,94362639,20748235,494584,ransom
20582313,210145115,112477517,85082623,18684977,478389,ransom
27987415,285834292,152943213,115703078,25410130,467413,ransom
44701255,456605522,243943456,184539224,40519994,911884,ransom
39836566,406872872,217422420,164471732,36116590,670093,ransom
54909622,560773992,299103685,226266083,49691242,791673,ransom
17819679,181919538,97392887,73670994,16180425,451231,ransom
54529085,556998005,297296004,224899446,49378936,807181,ransom
46813537,478057730,255348478,193155823,42424171,791470,ransom
37231780,380291466,203154014,153682963,33741900,509173,ransom
28771856,293831152,157037265,118789846,26089918,917875,ransom
74035092,756354880,403076710,304926795,66949903,1289254,ransom
98472170,1005758561,535214895,404882089,88935873,1825250,ransom
99027827,1011440397,538202137,407136007,89433170,1823361,ransom
99019116,1011474322,538235304,407170444,89429444,1969473,ransom
100342335,1024940455,545402226,412590842,90621467,1766864,ransom
105063488,1074324180,571205489,431947922,94900667,1737639,ransom
65649597,670569942,357570841,270493544,59400843,874395,ransom
27434911,267549495,142695318,107313846,24731990,914360,ransom
47186062,481942309,257436020,194735507,42769490,490603,ransom
33759895,344580715,184051275,139198736,30612306,826520,ransom
55228997,564199281,301348834,227967567,50050030,744763,ransom
29305794,299261865,159759332,120851685,26542228,540035,ransom
22573295,230558167,123311358,93279714,20482485,585460,ransom
44900159,458521329,244868872,185218508,40697900,821813,ransom
34486790,352219595,188147110,142325606,31255803,535540,ransom
36919959,377058911,201440802,152379810,33465120,781970,ransom
69073426,705530678,376156799,284556318,62488174,1260913,ransom
101156884,1033417439,549776165,415907096,91326834,1838693,ransom
101825128,1040125562,553435481,418658198,91959632,1918049,ransom
103267683,1054848108,561181876,424513465,93248781,1744692,ransom
98608761,1007290961,535991307,405472599,89056280,2030302,ransom
97233692,993255867,528403191,399726658,87792677,1939961,ransom
88365925,963563837,480740674,363673643,79868919,1342229,ransom
21527504,219779754,117392017,88796339,19507068,527233,ransom
29820659,305668915,162814734,123001308,27043232,468114,ransom
26896944,274746917,147000425,111204704,24413880,500195,ransom
36878377,376729509,201418626,152377415,33450453,534903,ransom
46923222,479259161,256001547,193652961,42530138,797076,ransom
35727356,364898964,195090642,147579427,32407993,771905,ransom
54185213,553450479,295259083,223354161,49048709,747842,ransom
35750299,365080484,195011296,147511305,32403613,495235,ransom
19929590,203462637,108844320,82331985,18087009,459670,ransom
13115259,133877276,71538486,54114513,11885360,524222,ransom
35636810,364050749,194659444,147258901,32326446,438306,ransom
41902105,427956925,228685316,172991484,37987145,814454,ransom
90535810,924973014,492167207,372325654,81755195,1567559,ransom
99051195,1010168687,537248222,406393511,89325205,1991545,ransom
99943537,1020831740,543134936,410866242,90255710,1903861,ransom
100951430,1031263888,548651670,415045937,91158122,1894650,ransom
104186419,1064353169,566260847,428373341,94078120,1861293,ransom
104808818,1070626022,569605674,430886208,94649331,1784173,ransom
99155695,1012589302,538759046,407535823,89555697,2002498,ransom
93074556,951839496,506098435,382688017,84089179,1521351,ransom
31653989,323175978,172808258,130711097,28722218,481076,ransom
20565034,209984080,112371673,85001758,18667585,453069,ransom
22686622,231661477,123946906,93758434,20590088,327598,ransom
28217521,287499521,153765218,116240848,25650698,631131,ransom
27984757,285840775,152881329,115662194,25392390,461340,ransom
25333287,258737286,138240639,104574818,22961427,582473,ransom
33889352,346145231,185159480,140066000,30754429,640481,ransom
15553585,158840615,85000803,64301813,14116974,432737,ransom
41098554,417908872,223182289,168813768,37117895,726553,ransom
22836693,233230095,124657018,94299333,20706291,46525,ransom
21238651,216795346,115961332,87711419,19274164,465148,ransom
68746921,702304066,373843564,282810743,62099519,1475761,ransom
100012097,1021610840,543717940,411317885,90338194,1843026,ransom
99294382,1014263750,539909780,408433008,89698811,1740811,ransom
85277023,870324874,463552686,350626774,77091535,2185595,ransom
104322658,1065709735,566909774,428866004,94183748,1884939,ransom
103604454,1058350964,563059523,425950143,93544921,1902438,ransom
102219495,1043921899,554945090,419593403,92293067,1861763,ransom
96295050,981423583,522435866,395148317,86955884,1849750,ransom
36737791,356534561,187641397,141222847,32237320,678591,ransom
29240868,282066495,149940209,112925927,25828534,673710,ransom
16150984,164553598,88049905,66603377,14636728,368647,ransom
28503690,291083670,155609064,117711527,25850035,466503,ransom
11042612,112643086,60338132,45634303,10033507,223708,ransom
31849956,311535171,165857573,124754274,28669347,725841,ransom
18524776,189086508,101037305,76417300,16800307,337223,ransom
32014150,326781644,174427263,131922197,29008077,598464,ransom
27690840,282794396,151238541,114408066,25123836,375226,ransom
17643715,180127646,96300187,72843166,16002996,383656,ransom
31333989,320036354,170866146,134180887,28382719,399392,ransom
79984925,816988351,434816878,328921079,72248393,1404214,ransom
97544081,993214166,527950443,399239857,87928163,1858948,ransom
101057369,1024894048,544188400,411341668,90882746,1709037,ransom
98416757,998285908,530414540,457721631,88508800,1836077,ransom
104155873,1062840987,565465737,427744150,94001083,1806336,ransom
99214879,1014284451,539404557,407874362,89644955,1800010,ransom
101396454,1031798083,548662574,414838951,91470129,1922652,ransom
99259357,1013897000,539430505,408065325,89630371,1905575,ransom
79624545,813421231,433327806,327807164,71985430,1147464,ransom
16580947,169241324,90503818,68452479,15044658,454749,ransom
25773303,263258668,140707491,106449527,23373010,267810,ransom
6477794,66119954,35421122,26795991,5881727,10989,ransom
3075928,31350647,16749450,12668403,2783320,242377,ransom
36193615,369716256,197349768,149294769,32776918,541769,ransom
35539207,363011195,193986767,146746774,32219297,497119,ransom
23223766,236887039,126694482,95808832,21087584,517685,ransom
12502016,127654283,68234987,51614736,11335603,282969,ransom
37331804,381287606,203694203,154093088,33836090,547337,ransom
25824302,263748792,140829524,106533154,23392242,501751,ransom
23118876,236059880,126062782,95361569,20949805,614346,ransom
89624131,915590136,487369212,368697060,80949894,1024939,ransom
14912920,147867492,78651737,59069917,13504367,1056746,ransom
55375251,512769921,267873717,199656047,48949679,1338286,ransom
77477624,785946910,418835743,316470467,70156833,1549092,ransom
77487524,786274243,418784283,316582503,69963501,1815107,ransom
95730685,977743423,520259047,393556399,86461156,1872292,ransom
89634828,908303022,483736934,365606449,80986588,1793704,ransom
82546600,821154212,434763328,328543741,73273388,1710958,ransom
78145725,795685958,424025234,320685767,70572130,1782276,ransom
47939518,446966634,238786407,180638197,44073819,698921,ransom
21679140,221419146,118515322,89652151,19684615,772554,ransom
15622282,159481831,85358432,64567053,14180991,429783,ransom
16813985,171709170,91831704,69468272,15253494,307893,ransom
26637433,271313808,145102584,109688243,24211389,598826,ransom
20908833,213519421,114294211,86459660,18984526,409396,ransom
25514869,260566952,139457839,105495844,23164739,590821,ransom
34298336,350300199,187118396,141546190,31086186,582786,ransom
18083867,184618764,98754700,74698481,16409561,519370,ransom
11913909,121569320,65069061,49213779,10818603,252315,ransom
24917896,253512751,135047396,101924016,22573104,632512,ransom
86884257,883820216,470331536,355566991,78548236,1896429,ransom
99443142,1013936183,539500326,408041581,89808060,2044365,ransom
100048149,1013355461,538127821,407188085,89417028,2084491,ransom
103835325,1060602392,564332771,426907809,93762563,1807239,ransom
97201755,992851043,528444984,399772313,87791593,1923457,ransom
104392566,1066350627,567431604,429263466,94266159,1796745,ransom
102171915,1043688814,555399122,420162070,92265127,3429886,ransom
56365733,575659777,307422333,232551092,51073080,701323,ransom
17590230,179583002,96063732,72665539,15960296,435380,ransom
29393621,300187665,160254152,121226479,26621003,550370,ransom
40517331,413689582,221080963,167230441,36740239,534396,ransom
19250474,196490725,105074555,79474329,17466772,361645,ransom
27604518,281938584,150888521,114144309,25061318,432888,ransom
25374723,258934150,138388113,104674513,23002075,579219,ransom
32198043,316246198,168225237,126667697,28901260,521394,ransom
29567401,301954056,161506207,122167372,26835142,468310,ransom
21795637,222447696,119048742,90038973,19802007,692611,ransom
42965808,440033892,234959103,177585098,39010604,595010,ransom
39192714,400242872,214103808,161960969,35568241,421916,ransom
26735900,272855467,145878480,110334084,24253788,871843,ransom
85428247,872727979,464849535,351659023,77212974,1458893,ransom
102672722,1048884134,558052320,422176081,92695617,1806397,ransom
100239738,1023842834,544857571,412176841,90530911,1934939,ransom
104359145,1065988109,567238775,429117008,94235239,1701942,ransom
105817588,1080815454,575130326,435073178,95560042,1651266,ransom
103235238,1054281206,561027292,424393206,93231707,1663488,ransom
93735157,957525890,509811722,385667150,84694956,1621194,ransom
90806639,927525396,493679751,373467828,82022805,1985894,ransom
93790233,957991686,509724102,385602716,84695330,2041244,ransom
80416926,821524719,437295251,330823392,72640783,1450705,ransom
33605629,343253633,183739573,138995911,30514487,650293,ransom
19130897,195354623,104604797,79128461,17374679,427993,ransom
19874983,202942944,108654209,82191701,18051826,474614,ransom
24492305,250137448,133762705,101187533,22215988,515546,ransom
22824259,233129028,124604210,94258588,20696418,425228,ransom
21509284,220759208,117648709,88838434,19533811,514232,ransom
25040115,255711776,136744858,103440815,22717246,415404,ransom
22067398,225382495,120604556,91234198,20030140,459971,ransom
37780120,385851614,206181254,155967831,34252379,614908,ransom
13947506,142380767,76145915,57602812,12654606,387785,ransom
24883004,254131973,135992563,102873292,22588452,361497,ransom
20842292,212841098,113888869,86150520,18917251,451639,ransom
16344530,166926833,89361122,67597543,14841431,414322,ransom
76935654,784441209,417365479,315715910,69377572,1272006,ransom
96040100,980778063,521932115,394820691,86738449,1791560,ransom
94261398,962800702,512452797,387662186,85141939,1726552,ransom
81040200,827747604,441005928,333613093,73264512,1519564,ransom
84689046,865016528,460773993,348569803,76554106,1632541,ransom
80005927,816996944,435182817,329197691,72318623,1652785,ransom
96722255,987970260,525610199,397618614,87333144,1920708,ransom
102360123,1045562540,556249533,420798383,92418363,1933295,ransom
98677198,1007765320,536363381,405753263,89112930,1668496,ransom
45507394,457607487,244318165,184563125,41037523,903010,ransom
24703518,251583890,134687011,101813752,22477254,616100,ransom
26665284,273523762,145829406,110159546,24207899,478540,ransom
36333271,371100561,198322367,150026642,32943482,625419,ransom
39231231,400664315,214342145,162137363,35611136,530134,ransom
21021525,214657404,114917857,86933455,19092167,367776,ransom
32161131,328448430,175616698,132855185,29175185,617984,ransom
30042713,306778489,163993631,124049576,27247069,487077,ransom
31323683,319858984,171148423,129468514,28434248,467451,ransom
21898487,223686295,119802274,90631642,19891839,400102,ransom
38323723,391386459,209029043,158119437,34727514,606001,ransom
66700469,681354040,363039829,274638857,60305825,1326751,ransom
95937075,979932172,521358964,394402007,86622444,1769949,ransom
101535562,1037218424,551783801,417416529,91677063,1955216,ransom
103256472,1054826594,561215948,424565038,93229508,1858067,ransom
93890129,959138827,510939790,386528298,84868685,1556767,ransom
75840062,774644543,413223910,312596031,68648841,1668717,ransom
81329071,830736558,443038580,335152366,73602506,1649837,ransom
39352049,401890862,214610214,162343679,35654372,639528,ransom
7130920,72742700,38926551,29442700,6470014,317606,ransom
10293861,106186506,56444981,42535303,9370310,413948,ransom
29432123,300662889,160777512,121626210,26701754,732403,ransom
33943362,334030022,177976297,134003001,30592090,778340,ransom
16845343,171966380,91968127,69561804,15285998,395546,ransom
25669801,262047534,139986901,105875194,23279981,876789,ransom
61306553,626228992,334095460,252736123,55496883,1132282,ransom
29290227,299131112,159762708,120854896,26542682,918723,ransom
47398741,484147701,258567103,195598809,42948916,876450,ransom
66280570,677112583,360839267,272986699,59936197,1985153,ransom
99392192,1015269307,540284411,408719922,89763064,1734703,ransom
97691626,997695931,530887897,401603174,88220634,2104607,ransom
69974044,714731357,380779762,288052244,63260209,1006618,ransom
22046989,225159816,120316275,91015862,19985756,692824,ransom
36298714,370804607,197974990,149765358,32881386,638266,ransom
57725621,589678402,314765241,238116378,52279167,1172502,ransom
54480417,556495931,297311044,224911055,49382791,732048,ransom
28383123,289833534,155134589,117350714,25771706,456915,ransom
18789892,191873860,102677599,77669227,17055944,390996,ransom
21788191,223570464,119202162,90003287,19798906,405280,ransom
37135264,379329691,202802863,153415570,33681635,532961,ransom
34702603,354426487,189354216,143238907,31455476,532870,ransom
29391181,300046828,160328963,121275442,26644330,454782,ransom
79275625,809851066,431218863,312746095,71634838,1648966,ransom
104737588,1036375946,581682384,417183658,91623406,1809543,ransom
100778087,1029333363,547730111,414351283,91009690,2000446,ransom
100419340,1025745174,545818355,412907685,90681204,1842322,ransom
89591662,915106631,487311051,368635009,80967235,1387371,ransom
55589877,567767698,302983952,229198469,50336834,956014,ransom
26693115,272513815,145604914,110137379,24195456,526538,ransom
22402221,228804859,122448050,92628533,20336293,383680,ransom
16564370,169004556,90428038,68393494,15036169,394973,ransom
27179085,275982401,147459300,111524950,24552637,448444,ransom
22879152,233578127,125008626,94555897,20773066,359064,ransom
7228886,73724295,39350585,29761101,6544032,331081,ransom
32052217,327329904,174762329,132198522,29034743,497884,ransom
20405735,208348122,111238779,84144150,18482932,437744,ransom
22030827,225924697,120557183,91022983,20032125,384405,ransom
23917020,244042406,130490905,98698429,21688969,491706,ransom
20171896,206049577,110282638,83432672,18311797,360888,ransom
20293251,207256369,110920691,83912254,18423807,300995,ransom
47125176,481363064,256619154,194123514,42632345,1098564,ransom
101186474,1030539792,547917800,414332843,91278171,1875898,ransom
94586116,959237628,509427978,385070664,85075688,2024995,ransom
100762229,1024852314,544675536,411860903,90757505,1974262,ransom
102699591,1048720841,557932696,422060382,92714524,1871330,ransom
99688618,1013547446,538946583,407628848,89698830,3363782,ransom
104204314,1063420897,565645572,427882320,94024057,1939326,ransom
101459675,1032334750,548986454,415096485,91516296,1947456,ransom
103574692,1058107738,563153766,426035247,93542796,1728363,ransom
41550585,424325784,226549488,171375321,37635076,745937,ransom
24984958,255191857,136436436,103217254,22661700,389120,ransom
76778695,784189422,417704562,315981036,69402095,1288136,ransom
95868899,979152811,521165200,394249004,86599446,1449290,ransom
30292656,309296318,165367034,125089474,27481445,556750,ransom
18222775,187210829,99682856,75245822,16549132,341924,ransom
31623769,322920762,172390828,130402426,28643578,519996,ransom
26037070,265921917,142250520,107610437,23627893,459788,ransom
21913498,223716234,119622290,90483766,19877118,379263,ransom
16638893,169871403,90658786,68573818,15065849,475110,ransom
27898936,284944486,152450280,115322796,25320005,343051,ransom
27697601,282863327,151163687,114345982,25114236,661486,ransom
26737126,273069177,146087919,110511632,24266372,419338,ransom
16050853,149696195,79718651,59623052,14368757,424679,ransom
30013654,306403339,163856452,123939019,27237345,506037,ransom
71149124,726684864,387044113,292768720,64326337,1582395,ransom
88211847,900977868,479611042,362816102,79686533,1939045,ransom
101988553,1041800548,554248781,419283691,92083631,2054630,ransom
103462555,1056690219,562286624,425353325,93431890,1744903,ransom
94686054,967270314,514958187,389565144,85543595,1204705,ransom
79005130,806829853,429775725,325103817,71419450,1880263,ransom
101609024,1037882266,552232076,417758115,91749445,1823272,ransom
97094778,991903533,528342285,399694845,87752242,1462821,ransom
15327491,157481935,83631346,63090887,13897786,532633,ransom
21190623,216421642,115626837,87466584,19208089,335068,ransom
14382460,146837913,78495740,59378124,13040886,398923,ransom
43601482,445407792,237910163,179975553,39512488,722050,ransom
34296855,350150296,186940063,141402341,31067409,705838,ransom
23996866,245063451,130803253,98947255,21727163,489912,ransom
23339519,238310010,127413606,96378964,21171051,485043,ransom
42750020,436697205,233131397,176361223,38720074,912451,ransom
46680359,476796402,254917574,192839346,42340731,880515,ransom
53450915,545991890,291378998,233523477,48403109,1125740,ransom
47991009,490173003,261896041,198117806,43506102,712537,ransom
13580176,138639388,74239570,56156599,12333293,440670,ransom
32145433,328284617,175216135,132538984,29114301,859776,ransom
43216511,441395816,235364824,178046611,39097474,640219,ransom
17915487,182929554,97797717,73977872,16249924,499189,ransom
30300005,309465309,165142659,124924802,27430317,364866,ransom
13879927,141709945,75852004,57378203,12600224,507532,ransom
30122685,307680657,164392242,124357703,27306373,420910,ransom
42039202,430479379,229936820,173775725,38184700,845567,ransom
18813199,190508137,101684985,76899711,16946751,378867,ransom
30662551,313158146,167631625,126807931,27843773,409208,ransom
21338634,217887087,116616192,88214841,19371287,616380,ransom
27886181,284846687,152120163,115075602,25265653,446514,ransom
37702151,385020983,205713576,155613136,34179135,639130,ransom
19979086,203761719,108948797,82395091,18123525,481425,ransom
30545819,311919160,166528870,125966280,27670628,532385,ransom
36396368,371724726,198518669,150170623,32978546,603050,ransom
20370020,208001589,111302315,84196327,18490890,391215,ransom
16353542,167011256,89237982,67504887,14822334,541577,ransom
19520883,198668748,106329729,80358983,17768483,494883,ransom
38122853,389442435,208220780,157517107,34578401,748306,ransom
48514727,495571351,264595795,200165403,43949523,974801,ransom
32526511,332191393,177442021,134230788,29477804,456019,ransom
17562800,179290890,95972501,72592790,15949501,422710,ransom
16502069,168514155,90222248,68251444,14983630,313755,ransom
45140604,460983435,246463132,186436541,40946456,681840,ransom
17809957,182918128,97430150,73536705,16181590,580297,ransom
30049694,292422007,155070636,116674143,26658409,540645,ransom
37344834,343319642,179969425,134443918,32353954,820998,ransom
22001809,224694717,120264332,90975591,19974409,376481,ransom
17145436,175040420,93661016,70846485,15562579,488113,ransom
34765055,355126408,189620762,143443502,31494570,434605,ransom
35452610,361958628,193658013,146482349,32183290,475610,ransom
21386581,218342501,116757217,88315498,19401915,489668,ransom
16735116,170896046,91460151,69189004,15192333,402183,ransom
42392389,433037125,231346451,175009630,38423541,646373,ransom
22966333,234503906,125402821,94859215,20833801,295465,ransom
30355577,309998159,165868237,125470327,27554456,547995,ransom
26032425,265862813,142116527,107503272,23610571,523416,ransom
37095911,378897559,202493209,153179336,33635811,842090,ransom
44217385,439104990,234572910,176837381,39959994,761830,ransom
21839643,222919804,119153368,90119884,19811827,523395,ransom
32161129,328368306,175785831,132960693,29222520,458047,ransom
28253409,288503379,154322232,116735051,25637636,528424,ransom
22229090,228094828,121525847,91762464,20184632,501973,ransom
27491391,280773979,150180284,113604729,24948069,455099,ransom
21622159,220829514,118251562,89452774,19639099,434227,ransom
17678659,180577508,96530704,73024067,16030894,442704,ransom
34500156,352385589,188134841,142323906,31246751,381532,ransom
34783006,355280625,189657650,143470665,31504292,682018,ransom
46284616,472778791,252789669,191230014,41990163,672955,ransom
14383256,146851106,78636235,59481955,13064154,375174,ransom
22036363,225045107,120377222,91060145,19994953,441697,ransom
32110651,328023370,175523636,132784344,29146842,527637,ransom
23672288,241762957,129379622,97870292,21488383,534955,ransom
36109070,368796819,196986612,149014267,32724661,631310,ransom
41881429,427720927,228363847,172746656,37938625,691673,ransom
25803458,263559003,141058502,106708965,23426149,389467,ransom
15489035,158170872,84638927,64025923,14057723,403580,ransom
25101123,256382576,137125676,103731877,22773419,362072,ransom
34277063,350055922,186838148,141334721,31040213,713991,ransom
53338569,544777326,290902175,220056620,48324303,882675,ransom
41174525,421647509,224836757,169922551,37346387,962152,ransom
49130179,501890571,267992170,202734034,44507776,769222,ransom
27904563,285010466,152509872,115368682,25329780,550352,ransom
51721372,528280081,282255221,213520855,46884408,785644,ransom
33848852,345671338,184832508,139817676,30704050,816849,ransom
47547380,485716267,259487772,196300303,43096054,752400,ransom
37001972,377919172,202151880,152919423,33578559,505968,ransom
33880991,344433258,183805281,139020018,30587595,756341,ransom
58164848,594178945,317205601,239966863,52687862,862189,ransom
31740565,324093477,172952233,130827248,28736717,620995,ransom
21373187,218264235,116868315,88407314,19412860,378829,ransom
43044959,439597614,234248556,177197733,38919084,756673,ransom
35311483,360422696,192398954,145525247,31983737,427413,ransom
31751810,324201058,173384849,131151233,28810736,517467,ransom
14194675,144909729,77586920,58687698,12890021,124265,ransom
11468,58656,33403,24837,4985,1896,ransom
7286700,74380567,39872589,30163327,6621494,341655,ransom
31228082,318315852,170341795,128798015,28381585,505357,ransom
18531236,190348507,101338063,76494236,16825568,370354,ransom
29872010,305105097,163038024,123330469,27083601,543524,ransom
48547941,495870828,264694054,200232744,43973357,838948,ransom
57134607,583547969,311459348,235616584,51745792,846869,ransom
34219077,349471303,186815565,141316017,31034685,678254,ransom
23705859,242128121,129600069,98043221,21523489,600179,ransom
78712416,804115426,428548363,324200759,71179567,948549,ransom
24210478,247123243,132258672,100045404,21985312,517764,ransom
23248971,237486429,127123126,96168696,21107779,445213,ransom
33193274,339051778,180958772,136892012,30056000,492033,ransom
48518068,495516790,264596238,200155132,43957364,918369,ransom
59744661,610220640,325394866,246150159,54057912,821116,ransom
37032667,378109262,201864897,152696019,33544249,739021,ransom
62443290,637763988,340020260,257212681,56490554,989510,ransom
45121400,460853036,246252276,186278803,40909118,716722,ransom
39153665,399885016,213486999,161493365,35466139,873117,ransom
49199930,502553596,268466561,203089575,44594458,615027,ransom
24176406,246897658,132212400,100015049,21960799,380573,ransom
28880186,295998631,157856101,119249601,26222316,530713,ransom
28334984,289333754,154749357,117054691,25712787,709842,ransom
64473168,645976816,344357704,259873545,58222861,965117,ransom
26525400,270696507,144427510,109231291,24024176,635508,ransom
33145150,338387346,180717263,136686693,30048215,528655,ransom
35615759,363757085,194090947,146823855,32241923,587054,ransom
32306429,329974966,176579757,133575862,29329846,533654,ransom
18816284,192089691,102761379,77725730,17079442,337534,ransom
30856588,315095749,168330964,127335211,27966109,607551,ransom
37972163,387901078,207286259,156810202,34424672,611414,ransom
31147661,318127437,169892947,128516891,28221867,373922,ransom
23852863,243518821,130212136,98500146,21639222,477517,ransom
33804032,345241428,184780734,139777859,30692791,432100,ransom
21953134,224137773,119957363,90736662,19931602,433474,ransom
29501274,301200930,161085629,121845516,26769629,375381,ransom
18599112,183436891,97471037,73379250,16672863,560893,ransom
45222605,452873975,240555015,181549466,40572103,728916,ransom
45055359,458973205,244874958,185201171,40748986,1075454,ransom
54961500,562545299,299740352,226587460,49776528,748461,ransom
21893226,219435217,117129794,88386158,19771618,559489,ransom
18947908,193467113,103478702,78279134,17191323,380354,ransom
35913528,366872861,196201027,148422967,32581630,336141,ransom
18845343,192430270,102943889,77870150,17103175,566584,ransom
32781532,334845207,179118507,135499516,29747381,507237,ransom
44347383,452900130,241714992,182844754,40160657,691129,ransom
25984337,265294634,142036634,107444417,23600927,418700,ransom
19306213,197156374,105455365,79772102,15370306,367209,ransom
22744989,208037583,111001515,83966293,18441997,507794,ransom
32780070,334820496,178773607,135237934,29694493,314737,ransom
34335046,350642552,187462050,141804645,31142580,532007,ransom
21978251,224404743,119951457,90744434,19930568,525947,ransom
45244845,460579700,245770584,185901390,40878119,857479,ransom
47555896,485763068,259351588,196196184,43076262,665430,ransom
25987434,265425568,141820187,107284246,23554979,693182,ransom
56940112,581645470,310645025,234999335,51595365,741882,ransom
26094984,266437792,142529913,107822967,23683679,504892,ransom
33684593,344941309,183874967,138916785,30556688,464900,ransom
16055123,163901703,87685490,66324606,14571213,372666,ransom
29527069,301586408,161428270,122117662,26810521,509808,ransom
17165393,175301239,93766116,70931121,15573257,344121,ransom
30713500,313687876,167523855,126727623,27828277,492418,ransom
39425516,402008685,214904737,162506414,35804632,631657,ransom
42761908,436821272,233265800,176467901,38741585,1243786,ransom
64414641,658035619,350898314,265455391,58279439,784434,ransom
21742120,221922381,118639107,89732019,19725436,374900,ransom
19286545,196934913,105398111,79728258,17508182,553752,ransom
17284986,176515654,94503991,71487243,15697603,290197,ransom
50498763,515817681,275638884,208514101,45783235,794412,ransom
56725130,579418126,309700389,234282790,51441394,1026083,ransom
30675655,313314374,167389817,126625960,27801547,604598,ransom
25027220,255584787,136450993,103220982,22668809,365259,ransom
27643755,282393818,150744425,114038740,25032489,495217,ransom
32676545,333748827,178452628,134992952,29641232,454578,ransom
30986211,316411457,169212491,127999387,28111007,516781,ransom
26407783,270773289,144270124,108968035,23963988,422427,ransom
24679007,251988279,134843223,101997902,22404022,425353,ransom
28049867,286458393,153091025,115806600,25429137,449565,ransom
24301472,248179683,132835301,100485290,22062666,319435,ransom
34788752,355367655,189886814,143645627,31537010,635293,ransom
72203122,737589679,392859367,297199309,65257905,1329403,ransom
99594229,1017219695,541371275,409536539,89950928,1737082,ransom
81932753,836776182,446101226,337466268,74111191,956521,ransom
80055914,856602791,428141120,344042636,72103000,1703551,ransom
89517786,965881984,486999447,412578135,80921565,1394211,ransom
78671709,803194716,428779104,324334592,71270918,1296623,ransom
94911630,969529305,516316682,390594311,85766563,1605632,ransom
92030005,940074632,500569305,378681078,83158498,1824997,ransom
99448993,1015871473,540498304,408885521,89789915,1718725,ransom
100693215,1028605898,547501881,414188099,90949210,1512880,ransom
92275617,942601236,501883872,379674377,83372570,1871009,ransom
89573265,915002195,486755090,368232845,80862560,2296047,ransom
97904765,999990375,532075651,402505835,88408466,1811962,ransom
108355629,1108039541,589111804,445507685,102386634,1847669,ransom
103382337,1056085933,561848348,425041834,93333122,1892307,ransom
87766782,896554340,477690482,361373789,79356770,1848238,ransom
91291921,932523126,496602878,375674309,82500964,1796936,ransom
101539581,1037257573,551831092,417465024,91670364,2114897,ransom
105358325,1076245325,572664901,433218060,95132327,1849074,ransom
99006658,1011398375,538075609,407061151,89380951,1887546,ransom
76152908,777728273,414333207,313434432,68834732,924400,ransom
30538593,291493651,152973174,114448071,27132533,1548459,ransom
84102816,820484285,434454881,326635944,75420025,1893465,ransom
91400059,930428971,495155741,374458591,82484401,2037113,ransom
91583848,931410075,495738171,374749922,82792872,2065273,ransom
97948196,995603503,529773048,400464528,88531582,1910863,ransom
101018750,1027807614,546785938,413541279,91060108,2066829,ransom
97405392,975089193,516344685,390344100,86648442,2164708,ransom
104416494,1066437801,567529248,429327349,94299149,1749172,ransom
102415285,1046023546,556587885,421049970,92480293,1888710,ransom
98114052,1002229041,533323365,403459279,88601183,1773738,ransom
102278907,1044734821,555946930,420570467,92359700,1747573,ransom
102187911,1041954631,554315665,419296709,92168597,1772236,ransom
100804708,1029611218,547851746,414440815,91022870,1831430,ransom
98372033,1004784131,534538149,404372772,88806875,2026481,ransom
103412674,1056101846,561784221,424964264,93354847,1927802,ransom
105701957,1079605459,574371158,434504122,95431097,1773480,ransom
101738477,1038767806,552733138,418104909,91875604,1699960,ransom
103417335,1056273481,561990553,425136469,93376538,1799451,ransom
100336508,1025790618,545331698,412365526,90609979,1957396,ransom
96532552,980310352,521666105,394347043,87203548,1926943,ransom
100810228,1024519817,544895709,435526809,95895206,2072539,ransom
95541571,969041310,514902513,389518573,85659381,2071954,ransom
101291623,1034443941,550495502,416430172,91475590,1867625,ransom
105319166,1075574229,572351588,432966904,95108731,1583528,ransom
101462215,1036232765,551299573,417043258,91603810,1851101,ransom
101112711,1032735865,549523181,415712093,91301191,1987688,ransom
97507926,995811065,529991656,400925748,88063234,1824038,ransom
96965945,990448026,527285924,398890895,87594574,1839564,ransom
101392317,1035646783,550956032,416792351,91535291,1907027,ransom
104461954,1066956620,567648919,429415662,94315924,1855654,ransom
96716740,987741108,525656516,397646212,87346637,1987970,ransom
97227875,990106683,526418401,398184032,87547630,1641709,ransom
106181458,1084487414,577058375,436535265,95880122,1744908,ransom
94253036,962529340,512377743,387593480,85143924,1734387,ransom
106479028,1087568450,578663248,437750984,96139036,1774311,ransom
73893970,754769862,402663187,304599957,66895217,1349160,ransom
77172888,789338388,420322732,317806956,69818417,1458899,ransom
72265560,737336361,393037083,297303441,65338764,1894057,ransom
104466565,1067102383,567686582,429454668,94309831,1913972,ransom
93367067,953691800,507442914,383877392,84308913,1885516,ransom
100605554,1027697064,546800074,413659220,90842197,1899485,ransom
101792983,1039618314,553130521,418427845,91911160,1795247,ransom
101000693,1018691663,541355782,408922942,90931322,2103603,ransom
100238981,1023734082,544711921,412054622,90522163,2021912,ransom
101655692,1038264536,552409622,417881592,91796393,1958441,ransom
102609395,1048019546,557557374,421783499,92635581,2018574,ransom
105055438,1072909159,570911829,431882317,94865205,1748851,ransom
98042532,1001151195,532757136,402999292,88545473,1803949,ransom
101003462,1031518127,548825569,415167070,91201606,1868787,ransom
99275014,1013920474,539543104,408151815,89646029,1908983,ransom
100220982,1023699452,544651888,412016070,90493085,1550854,ransom
80575692,822904183,437981568,331313494,72781054,1656032,ransom
95753444,978077781,520293534,393600079,86439646,2027726,ransom
104821792,1070690746,569765970,431026409,94656125,1777343,ransom
98906081,1011390605,537876407,406739239,89346382,1761244,ransom
59685771,609477375,325112131,245930726,54023064,1449562,ransom
90982203,926316745,492509279,372525369,81921808,1820261,ransom
100590500,1027444934,546649694,413532312,90820349,1803781,ransom
103750399,1059862717,563845573,426554541,93660507,1819780,ransom
97668444,997536080,530730015,401488645,88182299,1872688,ransom
103835519,1060503209,564214169,426815179,93748570,1911939,ransom
101863778,1040431240,553554720,447028711,91971513,1823939,ransom
100182008,1023285638,544480708,411899905,90454791,1844109,ransom
77810346,794719648,423432058,320325291,70333561,1016583,ransom
9443509,93077076,49405652,37077470,8462278,347049,ransom
50805781,485110436,255756016,191450119,45550087,1930612,ransom
83752154,843775094,449104119,339128767,70188414,1501578,ransom
83831514,904286428,447875635,351896425,78243468,1677518,ransom
95372213,971628382,517067491,390985684,86185305,1999410,ransom
87462075,887838812,472727503,357272749,79124021,1883852,ransom
100585113,1020665639,542267572,410212198,90217573,2043873,ransom
92510505,930312873,493078807,372698700,82726251,1901980,ransom
91890454,938537024,499570666,377916829,77272885,1694999,ransom
97322310,1058462376,563188614,428991405,87873870,1963945,ransom
101095974,1031921300,549100868,415347898,91296195,1798054,ransom
102142445,1043236367,555005193,419856597,92215140,1804559,ransom
103377156,1055641124,561501887,424747856,93316653,1861287,ransom
95937432,979730105,521284149,394335988,86624076,1886376,ransom
102998843,1051881975,559588253,423309963,92985331,1801824,ransom
99551384,1016615877,540821736,409108460,89874668,1891379,ransom
99004367,1010763042,537863001,406854814,89405722,2000448,ransom
65276815,665140437,354280873,267893914,59014966,815131,ransom
10595433,107945989,57800573,43703182,9626697,413763,ransom
18148162,177856392,94866855,71200649,16486434,575040,ransom
16662741,160053128,84593105,64009540,14183315,842592,ransom
12130385,123538988,66117147,50008556,10994524,328184,ransom
42646825,435294289,232662328,175986900,38666882,783741,ransom
40698591,406089451,215813331,162733457,36563539,907639,ransom
33929180,337419269,179367348,135379707,30260050,662442,ransom
30510560,310333055,165535124,125182430,27571177,581215,ransom
40178415,410268845,218890262,165585009,36372097,670214,ransom
46924934,474936138,253281258,191365545,42411220,733277,ransom
19846814,202545939,108430072,82011599,18023592,435173,ransom
47096022,480791381,256058321,193683423,42562524,964992,ransom
98350694,1004311454,534326590,404194448,88798601,1710889,ransom
102459814,1046108895,556640745,421066161,92522903,1779159,ransom
102084081,1041669997,554066546,419115737,92103410,1704058,ransom
91547068,934767871,497738763,376515373,82718962,1598498,ransom
90745007,926832673,493654967,373441015,82012898,1107482,ransom
45151207,460595792,245598757,185751406,40855980,1191048,ransom
48040160,490415861,261984605,198165263,43543805,664022,ransom
26739978,272262859,144870292,109392059,24122506,473220,ransom
14401440,134385016,71807091,53681947,12961835,468010,ransom
37018375,377821544,201797075,152642028,33538202,411525,ransom
6953956,66313927,35577375,26728334,7165114,295504,ransom
15809485,122777363,61499368,43928669,13786333,684619,ransom
16204593,154063766,82360822,61693852,14708928,402709,ransom
34692725,341442113,182095829,137280643,31127515,692699,ransom
50589088,514053759,274086657,207205936,45767722,1069898,ransom
46684939,469672313,250740390,189267037,42360534,1017237,ransom
63461000,632841190,335590028,253754209,56326623,1417281,ransom
85084052,866345918,461993525,349397905,76918224,1233010,ransom
79759354,813143171,432754089,327262405,72061299,1777008,ransom
67861578,682073596,362857989,274031382,61012286,1335978,ransom
90995186,925674105,492190901,372167795,82015781,1457099,ransom
85405660,870359359,463091350,350216015,77090961,1808748,ransom
85606809,863883998,459052665,346870804,76855199,1558607,ransom
72914968,739803637,393779952,297695125,65728014,1143184,ransom
15132946,143383978,76599397,57694918,13283468,659099,ransom
37207386,379928406,203247089,153739540,33770172,473130,ransom
29690775,302960317,162020060,122545168,26939252,611564,ransom
29954933,299883101,160592332,121249091,27129923,565577,ransom
28420295,277059366,146476797,110465922,24816862,856385,ransom
44386994,452669052,241845459,182909009,40233910,770788,ransom
50763070,517862582,276460407,209090972,45987094,765335,ransom
16191754,164480093,87957535,66511513,14650644,507976,ransom
26323970,266958889,142610408,107850819,23738787,448153,ransom
33547135,342532463,182959489,138397938,30396783,447930,ransom
29905279,304927170,163156485,123401847,27127386,215226,ransom
8200407,81234751,43495138,32815071,7376116,225831,ransom
31017977,282354656,146513096,108628886,27376224,1214788,ransom
79917733,787741173,418446694,315163415,71808990,1460509,ransom
67290868,672343087,357776214,270096801,60465863,1508314,ransom
61264055,623943804,332587751,251481748,55415370,1016428,ransom
83632576,845990592,450192677,340069562,75591241,1636068,ransom
96991985,985979786,524531520,396612564,87476340,1626833,ransom
30076289,293314094,154944452,116967284,26342681,580855,ransom
5938468,54253600,28834283,20317907,6544280,249887,ransom
